"subjID","rho","lambda","tau"
2,0.953593768224623,1.11112428068402,0.668966643086165
3,0.665004143630071,2.26340975527406,4.21503110298544
4,0.764715999918942,1.11121591728064,1.06009639255718
6,0.889310167738043,1.11111111111111,2.32161928763583
7,0.957768948892969,1.34091853433777,1.939931973168
