"subjID","rho","lambda","tau"
2,1.01987748092546,0.78279289585906,1.00714476034107
3,0.692663723123317,2.47467531874908,4.74207575523967
4,0.794400010696005,1.07651593991903,1.03545766775611
6,0.865561829878041,0.982300188296372,3.12987171396739
7,0.961615296795768,1.40854003687443,2.34680645042768
